Numero,Titulo,Descricao,Overlay,Arquivo,Board,Hashtags,Estilo,Formato,Prompt_imagem,Destino,Status,Data_publicacao,UTM_campaign
1,EXEMPLO Organizacao de cozinha pequena em 1 tarde,Passo a passo completo com link de afiliado. Salve para consultar depois.,Cozinha pequena organizada em 1 tarde,organizacao-cozinha-pequena-1.png,Organizacao de Cozinha Pequena,#organizacao #cozinha #dicas #casa #organizado,Light & Bright,estatico,"white beige background, soft natural light, tidy small kitchen, top third clean, vertical 2:3, no text, no watermark",https://sua-pagina.com/organizacao-cozinha,a produzir,,org-cozinha-v1
2,,,,,,,,,,,,,,
3,,,,,,,,,,,,,,
4,,,,,,,,,,,,,,
5,,,,,,,,,,,,,,
6,,,,,,,,,,,,,,
7,,,,,,,,,,,,,,
8,,,,,,,,,,,,,,
9,,,,,,,,,,,,,,
10,,,,,,,,,,,,,,
